time,ax,ay,az,aT
0.0050,-1.6416,-0.7915,1.1134,2.136
0.0070,-1.2941,-0.7219,0.5754,1.590
0.0150,-0.7971,-0.6165,-0.3850,1.079
0.0540,-0.2045,-0.6796,-2.1699,2.283
0.0550,-0.0482,-0.8083,-1.4653,1.674
0.0560,-0.2114,-0.8276,-1.1374,1.422
0.0580,-0.4767,-0.2713,-0.7876,0.960
0.0880,-0.7605,0.1774,-0.0590,0.783
0.0900,-1.1170,0.0666,0.6209,1.280
0.0910,-1.2785,-0.0468,1.8897,2.282
0.0930,-1.1508,-0.0231,2.4943,2.747
0.1020,-0.6038,0.0130,1.9721,2.063
0.1360,0.1025,0.0745,1.1859,1.193
0.1380,0.5684,0.1354,0.8080,0.997
0.1430,0.7097,0.0251,0.4488,0.840
0.1440,0.8415,-0.1880,-0.6356,1.071
0.1870,0.7622,-0.0721,0.5647,0.951
0.1890,0.6667,-0.0211,0.7675,1.017
0.1900,0.3084,0.0120,1.6380,1.667
0.1920,0.3896,0.0534,0.2573,0.470
0.1940,0.2975,0.2537,-0.0247,0.392
0.2010,0.4963,0.4561,-0.4697,0.822
0.2330,0.5444,0.3224,-0.6357,0.897
0.2340,0.8267,-0.0420,-2.0695,2.229
0.2360,0.9566,-0.2112,-0.5151,1.107
0.2740,1.0864,-0.4210,1.2990,1.745
0.2780,1.3642,-0.3108,3.6763,3.934
0.2790,1.7484,-0.3613,1.4495,2.300
0.2800,1.2425,-0.5928,-0.2429,1.398
0.2820,0.7143,-0.5341,0.5643,1.055
0.3040,0.2679,-0.6414,0.0191,0.695
0.3050,0.4142,-0.6054,-1.0992,1.321
0.3090,0.5803,-0.6816,-2.6240,2.772
0.3430,0.6116,-0.6863,-3.1998,3.329
0.3450,0.8144,-0.6955,-3.3347,3.502
0.3460,1.1358,-0.6156,-3.4407,3.675
0.3560,1.3075,-0.6368,-3.0299,3.361
0.3880,1.4801,-0.7424,-2.6739,3.145
0.3900,1.6241,-0.7780,-2.4967,3.078
0.3910,1.8196,-0.7156,-2.3738,3.075
0.3920,2.0449,-0.6519,-2.2787,3.130
0.3990,1.8831,-0.6037,-2.1385,2.913
0.4380,1.7427,-0.6200,-2.2359,2.902
0.4400,1.6233,-0.5840,-2.1759,2.777
0.4420,1.5355,-0.4957,-2.1382,2.679
0.4440,1.4028,-0.3844,-1.9954,2.469
0.4510,1.2947,-0.3075,-1.9277,2.342
0.4590,1.2309,-0.2556,-1.9668,2.334
0.4900,1.1430,-0.0188,-1.8627,2.185
0.4910,0.9749,0.2824,-1.4709,1.787
0.4930,0.6523,0.3542,-1.5047,1.678
0.5380,0.2754,0.2298,-1.6988,1.736
0.5390,-0.2009,0.1352,-1.8681,1.884
0.5420,-0.4986,0.1436,-1.7463,1.822
0.5430,-0.3158,0.1777,-1.4934,1.537
0.5440,0.1624,0.2759,-1.0160,1.065
0.5520,0.5214,0.4167,-0.1836,0.692
0.5590,0.8228,0.4530,0.1912,0.959
0.5910,1.1357,0.2678,1.2540,1.713
0.5920,1.6447,0.0172,2.2999,2.827
0.5940,2.0215,0.5035,2.1091,2.965
0.6300,2.0123,1.6493,1.4571,2.982
0.6350,2.0970,2.5462,0.7966,3.393
0.6370,2.0698,2.7060,-0.0240,3.407
0.6380,1.6759,2.4388,-0.3078,2.975
0.6390,1.1307,2.0482,0.1346,2.343
0.6480,0.7236,1.8529,0.4886,2.048
0.6730,0.4005,1.8791,0.6037,2.014
0.6740,0.1213,1.9422,0.5879,2.033
0.6770,-0.1662,1.8823,0.4584,1.944
0.7140,-0.5292,1.6435,0.2479,1.744
0.7150,-0.9778,1.3990,-0.0638,1.708
0.7190,-1.4542,1.1594,-0.4413,1.911
0.7210,-1.8921,0.8800,-0.6786,2.194
0.7280,-2.2071,0.7124,-0.7824,2.448
0.7530,-2.3616,0.5708,-0.7897,2.555
0.7540,-2.5567,0.4804,-0.6102,2.672
0.7570,-2.8493,0.3555,-0.4613,2.908
0.7680,-3.2205,0.0530,-0.1553,3.225
0.7910,-3.5739,-0.6624,0.3918,3.656
0.7930,-3.6827,-1.3326,1.2139,4.100
0.7970,-3.7542,-1.8507,1.1557,4.342
0.8080,-2.9246,-2.0172,1.4515,3.838
0.8170,-1.7722,-1.9025,1.6702,3.090
0.8280,-0.3789,-1.6610,2.3189,2.877
0.8700,0.8106,-1.4342,2.9228,3.355
0.8730,1.5381,-1.4075,2.9441,3.608
0.8760,1.4944,-1.4438,2.6836,3.394
0.8790,1.0990,-1.4382,2.1636,2.821
0.8830,0.5861,-1.3674,1.3615,2.017
0.8870,0.2351,-1.2277,0.5558,1.368
0.9430,0.0125,-0.8942,0.1675,0.910
0.9460,-0.1992,-0.6791,-0.2486,0.750
0.9480,-0.3276,-0.4312,-0.3560,0.648
0.9490,-0.6313,-0.3339,-0.3536,0.797
0.9520,-0.7987,-0.3234,-0.3507,0.930
0.9540,-0.8896,-0.3205,-0.2573,0.980
0.9560,-0.9223,-0.3832,-0.1967,1.018
0.9670,-0.8639,-0.5027,-0.1916,1.018
1.0030,-0.5653,-0.4804,-0.4151,0.850
1.0060,-0.3521,-0.5401,-0.8161,1.040
1.0070,0.0597,-0.4828,-1.0261,1.136
1.0100,0.3171,-0.4014,-1.6406,1.718
1.0170,0.4231,-0.4591,-2.1122,2.203
1.0760,0.4220,-0.6229,-2.6630,2.767
1.0780,0.5569,-0.6871,-3.1814,3.302
1.0800,0.8018,-0.7216,-3.5999,3.758
1.0840,1.0354,-0.6842,-3.9694,4.159
1.0850,1.2136,-0.7581,-4.3964,4.623
1.0870,1.2022,-0.7485,-4.6847,4.894
1.0880,1.0597,-0.8145,-4.6657,4.853
1.0970,0.7904,-0.8698,-4.7039,4.848
1.1190,0.5985,-0.8588,-4.9411,5.051
1.1230,0.6507,-0.5954,-4.9516,5.029
1.1260,0.7527,-0.1763,-4.6706,4.734
1.1700,0.8737,0.0976,-4.2095,4.300
1.1720,1.0247,0.3390,-3.5571,3.717
1.1730,1.1373,0.5614,-2.4464,2.756
1.1750,1.3897,0.9572,-2.0050,2.621
1.1760,1.5647,1.2977,-1.1459,2.334
1.1860,1.7376,1.4814,-0.3746,2.314
1.1950,1.7217,1.5282,0.0593,2.303
1.2190,1.7784,1.5759,0.4501,2.418
1.2200,1.9894,1.7758,0.8120,2.788
1.2250,2.0435,1.9013,1.2182,3.045
1.2590,2.2149,2.0373,1.6375,3.426
1.2600,2.2291,2.2291,2.1760,3.830
1.2610,1.9946,2.2419,2.5608,3.945
1.2650,1.6502,2.0275,2.7633,3.804
1.2750,1.3865,1.8055,2.7085,3.538
1.3060,1.3091,1.5434,2.5661,3.268
1.3070,1.5311,1.4894,2.4555,3.255
1.3090,1.4740,1.4942,2.6804,3.404
1.3160,0.5529,0.9156,3.1617,3.338
1.3430,-0.2598,0.0655,4.0367,4.046
1.3450,-0.3013,-0.3790,5.7176,5.738
1.3480,0.4765,-0.5041,6.7065,6.742
1.3540,1.6617,-0.3414,7.0115,7.214
1.3650,2.3573,-0.1746,7.0859,7.470
1.3870,2.4648,-0.4107,6.5873,7.045
1.3890,2.0869,-0.9018,5.9387,6.359
1.3940,1.5876,-1.4313,4.8213,5.274
1.4540,1.1776,-1.8477,3.0357,3.744
1.4560,0.9924,-1.9597,1.3220,2.564
1.4570,0.9148,-1.7991,-0.0001,2.018
1.4580,0.5854,-1.7475,-0.9960,2.095
1.4590,0.1884,-1.6522,-1.3707,2.155
1.4610,-0.2255,-1.3838,-1.4485,2.016
1.4640,-0.5480,-1.1867,-1.2889,1.836
1.4730,-0.6814,-1.0873,-1.2357,1.781
1.5040,-0.6993,-1.0584,-1.3421,1.847
1.5050,-0.8306,-1.1260,-1.6403,2.156
1.5060,-0.7185,-1.0621,-2.1062,2.466
1.5140,-0.5317,-1.0562,-2.5184,2.782
1.5500,-0.4498,-1.2091,-2.8544,3.132
1.5520,-0.4623,-1.3835,-3.3367,3.642
1.5530,-0.4586,-1.5340,-3.7281,4.057
1.5550,-0.4860,-1.5238,-4.0036,4.311
1.5680,-0.3830,-1.4191,-4.2572,4.504
1.5740,-0.2658,-1.2820,-4.3443,4.537
1.6150,-0.2018,-1.2346,-4.1815,4.365
1.6170,-0.1809,-1.2629,-4.0345,4.231
1.6190,-0.1901,-1.2685,-3.8555,4.063
1.6210,-0.1935,-1.1421,-3.7342,3.910
1.6240,-0.0600,-0.9888,-3.6534,3.785
1.6580,0.0237,-0.7855,-3.3817,3.472
1.6590,-0.0325,-0.5667,-2.4937,2.558
1.6630,-0.1774,-0.4818,-1.9876,2.053
1.6650,-0.2542,-0.3414,-1.4818,1.542
1.6730,-0.3138,-0.2076,-0.7791,0.865
1.7150,-0.3844,-0.0241,-0.1503,0.413
1.7160,-0.6991,0.1357,0.6517,0.965
1.7170,-1.2677,0.1964,1.4695,1.951
1.7190,-1.8598,0.1304,1.9759,2.717
1.7230,-2.0646,0.0959,2.3384,3.121
1.7560,-1.8711,-0.0201,2.2331,2.913
1.7570,-1.5217,-0.2669,1.9051,2.453
1.7590,-1.1361,-0.6683,0.0818,1.321
1.7630,-1.2395,-0.9879,0.1573,1.593
1.7910,-1.7363,-1.1117,0.3181,2.086
1.7930,-2.5860,-1.0287,0.5051,2.828
1.7940,-3.2689,-0.9635,0.5787,3.457
1.8140,-3.7309,-1.0572,0.7708,3.954
1.8150,-4.0006,-1.3918,0.7578,4.303
1.8220,-3.9981,-1.5698,0.4414,4.318
1.8570,-3.2463,-1.3449,0.0891,3.515
1.8580,-2.0554,-1.1082,0.1901,2.343
1.8610,-0.7417,-0.9100,0.7954,1.418
1.8620,0.6874,-0.7849,1.6740,1.973
1.8720,2.0273,-0.3204,2.3202,3.098
1.9040,2.5509,-0.0731,2.8098,3.796
1.9050,1.8626,-0.5177,3.0634,3.622
1.9060,1.0620,-0.9153,3.1480,3.446
1.9110,0.3530,-1.1321,2.9098,3.142
1.9940,-0.1266,-1.0822,1.9795,2.260
1.9980,-0.5025,-0.9285,0.8982,1.386
2.0020,-0.5945,-0.6271,0.0875,0.869
2.0050,-0.5918,-0.3338,-0.3447,0.762
2.0080,-0.6166,-0.2055,-0.7024,0.957
2.0130,-0.6406,-0.0587,-1.0818,1.259
2.0160,-0.5443,0.0965,-1.3660,1.474
2.0190,-0.4068,0.0930,-1.5672,1.622
2.0240,-0.3786,0.0020,-1.7604,1.801
2.0280,-0.4187,-0.1074,-1.7725,1.824
2.0330,-0.3718,-0.0684,-1.5487,1.594
2.0360,-0.1676,0.0597,-1.3452,1.357
2.0610,-0.1099,0.1055,-1.4155,1.424
2.0720,-0.1536,0.0803,-1.2506,1.263
2.0780,-0.2195,0.0808,-1.5185,1.536
2.0810,-0.3683,0.0803,-2.0517,2.086
2.0840,-0.3466,0.1961,-2.5067,2.538
2.1630,-0.2590,0.2197,-2.9716,2.991
2.1670,-0.0810,0.1199,-3.3945,3.398
2.1720,0.0742,0.0392,-3.7130,3.714
2.1750,0.1873,-0.0206,-3.9793,3.984
2.1840,0.2244,-0.0441,-4.1243,4.131
2.1900,0.1452,0.0348,-4.1251,4.128
2.1950,-0.0883,0.0723,-4.0871,4.089
2.1980,-0.3886,0.1537,-3.8427,3.865
2.2030,-0.7080,0.3192,-3.4558,3.542
2.2070,-0.8031,0.5916,-3.0224,3.183
2.2100,-0.8327,0.7615,-2.5009,2.744
2.2130,-0.7449,0.7836,-2.0384,2.307
2.2160,-0.3903,0.8213,-1.6277,1.864
2.2240,-0.0026,0.9327,-1.1953,1.516
2.2510,0.2292,1.0221,-0.9720,1.429
2.2530,0.2886,0.9133,-0.7945,1.244
2.2540,0.2132,0.8280,-0.5727,1.029
2.2600,0.0795,0.8300,-0.1651,0.850
2.3120,0.0497,0.7891,0.2930,0.843
2.3130,-0.0996,0.7425,0.9503,1.210
2.3140,-0.5501,0.6208,1.4073,1.634
2.3150,-1.0802,0.5173,1.5287,1.942
2.3150,-1.5461,0.5163,1.3500,2.116
2.3520,-1.7760,0.5230,0.9491,2.080
2.3540,-1.9585,0.5105,0.3669,2.057
2.3550,-2.0740,0.3922,-0.2304,2.123
2.3560,-1.8378,0.2068,-0.3718,1.886
2.3900,-1.3061,0.1249,-0.2109,1.329
2.3940,-0.9790,0.0005,0.3178,1.029
2.3950,-0.6943,-0.0407,0.8430,1.093
2.3970,-0.2351,-0.0301,1.3324,1.353
2.3990,0.3552,-0.0173,1.9483,1.980
2.4110,0.8904,-0.1464,2.4055,2.569
2.4440,1.3305,-0.3952,2.4728,2.836
2.4460,1.6668,-0.6115,2.2982,2.904
2.4490,2.0450,-0.7072,2.0034,2.949
2.4510,2.2372,-0.7709,1.6095,2.862
2.5350,2.1470,-0.7894,1.2456,2.605
2.5390,1.8309,-0.7499,1.0483,2.239
2.5420,1.4658,-0.6278,1.1476,1.965
2.5450,0.9678,-0.5075,1.3935,1.771
2.5470,0.4590,-0.3949,1.5340,1.649
2.5480,0.1131,-0.3372,1.4406,1.484
2.5500,0.0163,-0.3385,1.2027,1.250
2.5520,0.2531,-0.3573,0.9619,1.057
2.5530,0.8709,-0.3520,0.8477,1.265
2.5550,1.7278,-0.1995,0.9340,1.974
2.5680,2.4914,-0.0695,0.8764,2.642
2.5700,2.8005,-0.1194,0.5085,2.849
2.6150,2.6876,-0.3410,-0.2103,2.717
2.6180,2.2222,-0.6996,-1.1100,2.581
2.6200,1.7478,-0.8721,-1.9016,2.726
2.6230,1.2980,-1.0363,-2.6322,3.112
2.6300,0.5618,-1.2622,-3.3930,3.663
2.6320,0.1240,-1.2086,-3.5604,3.762
2.6860,-0.2576,-0.9253,-3.3191,3.455
2.6890,-0.8430,-0.7466,-3.2488,3.438
2.6900,-1.5669,-0.6628,-3.0541,3.496
2.6920,-1.6904,-0.5979,-2.9328,3.437
2.6940,-1.8203,-0.5218,-2.7439,3.334
2.6970,-1.8514,-0.5583,-2.6271,3.262
2.6980,-1.9442,-0.6918,-2.6760,3.379
2.7250,-2.0426,-0.7399,-2.4547,3.278
2.7270,-2.0430,-0.6417,-2.1023,3.001
2.7290,-1.8585,-0.6310,-1.7263,2.614
2.7370,-1.4921,-0.7243,-1.2924,2.103
2.7620,-1.0880,-0.8179,-1.0117,1.696
2.7640,-0.6419,-0.8785,-0.6380,1.261
2.7670,-0.2920,-0.8274,-0.3033,0.928
2.8390,-0.2287,-0.8967,0.0032,0.925
2.8430,-0.1728,-0.9511,0.1968,0.986
2.8450,-0.1859,-1.0046,0.5234,1.148
2.8470,-0.2378,-0.9554,0.7868,1.260
2.8490,-0.2290,-0.9526,0.9353,1.355
2.8520,-0.1914,-0.9440,1.0454,1.421
2.8540,0.0001,-0.7910,1.0772,1.336
2.8560,0.1169,-0.7145,1.0167,1.248
2.8580,0.0255,-0.8556,0.7493,1.138
2.8890,-0.1225,-1.0223,0.3805,1.098
2.8920,-0.3219,-1.2030,0.3694,1.299
2.8950,-0.5692,-1.3609,0.7805,1.669
2.8970,0.1578,-1.1764,2.2724,2.564
2.9570,1.0494,-0.8429,3.4647,3.717
2.9590,2.1001,-0.1891,4.6394,5.096
2.9600,2.4657,0.2525,5.3222,5.871
2.9620,2.2581,0.5498,5.2529,5.744
2.9630,1.5630,0.4445,4.3221,4.617
2.9650,0.4365,0.1329,2.8023,2.839
2.9660,-0.1344,0.8124,1.6527,1.846
2.9950,-0.9299,0.5651,0.4788,1.189
2.9970,-1.8551,0.0636,-0.7727,2.011
2.9980,-2.3631,0.1775,-1.4572,2.782
3.0050,-2.4803,0.5622,-2.0095,3.241
3.0500,-2.5969,0.6874,-2.5571,3.709
3.0520,-2.6069,0.7440,-3.0232,4.061
3.0540,-2.3870,0.7906,-3.3171,4.162
3.0560,-2.0711,0.8087,-3.6290,4.256
3.0580,-1.6779,0.6615,-3.8933,4.291
3.0930,-1.2186,0.5878,-4.0308,4.252
3.0950,-0.7183,0.5168,-4.2102,4.302
3.0960,-0.3005,0.3286,-4.3992,4.422
3.0970,0.0126,0.1825,-4.7164,4.720
3.1050,0.2114,0.0430,-4.9764,4.981
3.1140,0.4531,-0.1296,-5.2411,5.262
3.1390,0.6369,-0.4040,-5.2564,5.310
3.1410,1.1563,-0.6399,-5.0231,5.194
3.1440,1.2996,-0.0899,-4.3855,4.575
3.1540,1.4830,0.6910,-3.8080,4.145
3.1800,1.5063,0.7669,-3.9382,4.286
3.1810,1.1266,0.2408,-4.1538,4.311
3.1840,0.9191,0.1293,-4.1671,4.269
3.1940,0.7408,0.3456,-3.6560,3.746
3.2030,0.5733,0.4738,-2.9193,3.013
3.2200,0.4056,0.5540,-2.0288,2.142
3.2230,0.4561,0.8062,-1.0476,1.398
3.2330,0.5953,1.0942,-0.3534,1.295
3.2480,0.6623,1.0399,-0.0077,1.233
3.2540,0.9582,0.9177,0.2919,1.359
3.2650,0.6959,1.1379,-0.0247,1.334
3.2750,0.7697,1.2714,0.0181,1.486
3.2830,1.0568,1.1885,0.0737,1.592
3.3040,1.0826,1.1585,0.1553,1.593
3.3060,1.2418,1.2189,0.4604,1.800
3.3530,1.4407,1.3203,0.7815,2.105
3.3550,1.3817,1.1494,0.9997,2.057
3.3560,1.4567,1.0542,1.2679,2.200
3.3570,1.6408,1.0870,1.6117,2.544
3.3590,1.8645,1.1735,1.9655,2.952
3.3650,1.9364,1.1365,2.0607,3.048
3.3750,2.2121,1.2671,1.9747,3.225
3.3830,2.4598,1.2804,1.4722,3.140
3.3950,2.6411,0.9674,0.8930,2.951
3.4030,3.0388,0.5743,0.8209,3.200
3.4230,3.2095,0.2109,0.9597,3.357
3.4240,3.0928,-0.2595,1.4309,3.418
3.4360,2.8948,-0.7705,2.5271,3.919
3.4490,2.5976,-1.0796,3.9992,4.889
3.4530,2.4214,-1.1287,5.4015,6.026
3.4620,2.3222,-0.9944,6.5472,7.018
3.4730,2.2393,-1.0781,6.9827,7.412
3.4820,2.3425,-1.0543,6.9016,7.364
3.4920,2.3209,-1.0691,6.2745,6.775
3.5020,2.1737,-1.3275,5.1362,5.733
3.5160,1.5158,-1.8405,3.6027,4.320
3.5450,0.8587,-1.9723,2.8631,3.581
3.5470,-0.0150,-2.0255,2.5381,3.247
3.5480,-0.7939,-1.9314,2.3344,3.132
3.5520,-1.3579,-1.7403,2.4009,3.261
3.5620,-1.5994,-1.5236,2.4725,3.316
3.5730,-1.4404,-1.3248,2.2687,2.996
3.5810,-1.2127,-1.2637,1.8216,2.527
3.5910,-0.9472,-1.3501,0.9849,1.921
3.6010,-0.5735,-1.5357,0.0631,1.641
3.6160,-0.2139,-1.7556,-0.9455,2.006
3.6480,-0.0096,-1.9969,-1.8487,2.721
3.6490,0.0566,-2.1617,-2.6518,3.422
3.6510,0.1821,-2.2533,-3.3306,4.025
3.6530,0.1588,-2.4419,-4.0325,4.717
3.6610,-0.0081,-2.7451,-4.6410,5.392
3.6720,0.0014,-2.9590,-4.9336,5.753
3.6810,0.1629,-3.0125,-5.0630,5.894
3.6910,0.2949,-3.1180,-5.0701,5.959
3.7010,0.3690,-3.2015,-5.0596,5.999
3.7190,0.4079,-3.1836,-5.2094,6.119
3.7210,0.3980,-3.3011,-5.4273,6.365
3.7560,0.3244,-3.3991,-5.7345,6.674
3.7580,0.3591,-3.5171,-5.9584,6.928
3.8070,0.3963,-3.6187,-5.9113,6.942
3.8080,0.2411,-3.3367,-5.6225,6.542
3.8100,-0.1379,-3.1094,-4.8160,5.734
3.8120,-0.5131,-2.7684,-4.0928,4.968
3.8150,-0.6538,-2.1503,-3.4876,4.149
3.8170,-1.4593,-1.7926,-2.5559,3.446
3.8200,-2.2573,-1.0600,-1.2572,2.793
3.8220,-2.5092,-0.7886,-0.6340,2.706
3.8790,-2.4974,-0.5125,0.0911,2.551
3.8800,-2.5184,-0.2366,0.7729,2.645
3.8820,-2.6175,-0.1707,1.3423,2.947
3.8830,-2.7155,-0.1373,1.7944,3.258
3.8850,-2.6770,-0.1065,2.2242,3.482
3.8870,-2.6186,-0.0270,2.5989,3.689
3.8930,-2.7907,-0.0462,2.8073,3.959
3.9000,-3.0132,-0.1893,2.8382,4.144
3.9230,-3.2523,-0.2895,2.7806,4.289
3.9250,-3.2690,-0.3088,2.5333,4.147
3.9300,-3.0275,-0.3206,2.4774,3.925
3.9620,-2.4204,-0.2225,2.0843,3.202
3.9650,-1.8230,-0.5563,1.9392,2.719
3.9660,-1.1139,-0.4303,2.1720,2.479
3.9700,-0.4570,-0.2811,2.3454,2.406
3.9810,-0.0014,-0.1191,2.5926,2.595
4.0050,0.2837,0.0888,2.7950,2.811
4.0060,0.0773,0.0353,2.6147,2.616
4.0100,-0.2482,0.0720,2.2363,2.251
4.0200,-0.7459,-0.1497,1.7654,1.922
4.0680,-1.1624,-0.1853,1.3648,1.802
4.0700,-1.5804,-0.2322,0.8125,1.792
4.0710,-1.9017,-0.2540,0.3366,1.948
4.0720,-2.0276,-0.1678,-0.1314,2.039
4.0730,-2.0016,-0.1314,-0.4493,2.056
4.0800,-1.9137,-0.1357,-0.8328,2.091
4.1050,-1.8617,-0.1215,-1.1760,2.205
4.1060,-1.7737,-0.1377,-1.4307,2.283
4.1120,-1.6329,-0.1849,-1.8803,2.497
4.1430,-1.4901,-0.2450,-2.2536,2.713
4.1450,-1.1966,-0.2811,-2.4617,2.752
4.1460,-0.7859,-0.3162,-2.5217,2.660
4.1490,-0.3009,-0.2576,-2.7678,2.796
4.1590,-0.0157,-0.2942,-2.9089,2.924
4.1710,0.2224,-0.2768,-3.1281,3.148
4.1780,0.3839,-0.2574,-3.4858,3.516
4.1880,0.5216,-0.2560,-3.9332,3.976
4.1980,0.5599,-0.3231,-4.2910,4.339
4.2220,0.6897,-0.3218,-4.6270,4.689
4.2240,0.8182,-0.1673,-4.7434,4.816
4.2290,0.7772,-0.0488,-4.6286,4.694
4.2920,0.7542,0.1616,-4.3103,4.379
4.2940,0.6739,0.3267,-4.0985,4.166
4.2950,0.5084,0.4476,-3.8444,3.904
4.2970,0.3043,0.6791,-3.3186,3.401
4.2980,0.2629,0.9760,-2.6093,2.798
4.2990,0.1975,1.2578,-1.9145,2.299
4.3010,0.0885,1.4963,-1.1758,1.905
4.3090,-0.0666,1.6825,-0.4939,1.755
4.3180,-0.1882,1.7777,-0.0263,1.788
4.3450,-0.1767,1.7209,0.2545,1.749
4.3460,-0.0760,1.6222,0.3324,1.658
4.3470,0.1639,1.5048,0.5411,1.607
4.3750,0.4828,1.4215,0.8556,1.728
4.3770,0.7406,1.3278,1.3213,2.014
4.3780,0.9570,1.2738,1.6899,2.323
4.3880,0.9765,1.1319,1.8042,2.343
4.3980,0.9951,0.9337,1.4599,1.998
4.4180,1.0459,0.7151,1.0073,1.619
4.4190,1.1880,0.4467,0.2132,1.287
4.4860,1.3139,0.2077,-0.1334,1.337
4.4880,1.8191,0.0816,-0.1830,1.830
4.4890,2.2834,0.0892,-0.1912,2.293
4.4900,2.5632,0.1800,-0.1534,2.574
4.4910,2.6270,0.1616,0.2531,2.644
4.4930,2.8741,0.1422,1.3228,3.167
4.4940,3.2300,0.1549,2.2787,3.956
4.4960,3.6849,-0.3953,3.2436,4.925
4.5080,3.3581,-0.2596,3.4132,4.795
4.5170,2.6627,-0.5167,3.8651,4.722
4.5410,2.5033,-0.7779,4.3474,5.077
4.5420,2.4620,-0.8522,3.5709,4.420
4.5470,2.1509,-0.8414,2.7920,3.623
4.5830,1.6921,-1.0517,1.8504,2.719
4.5850,1.1043,-1.4621,1.5792,2.419
4.5870,1.0687,-1.7359,2.0507,2.891
4.5880,1.3777,-1.6669,1.9049,2.882
4.5960,1.6545,-1.3446,1.4403,2.573
4.6070,1.7355,-1.1405,1.1637,2.381
4.6170,1.6134,-1.1442,0.6835,2.093
4.6390,1.3488,-1.1553,0.2325,1.791
4.6410,1.0265,-1.2068,-0.1353,1.590
4.6470,0.7388,-1.2710,-0.1535,1.478
4.6760,0.4487,-1.3012,-0.3035,1.409
4.6780,0.2250,-1.1603,-0.7388,1.394
4.6790,0.1149,-0.9768,-1.1284,1.497
4.6880,0.0513,-0.8964,-1.4367,1.694
4.6960,-0.1415,-0.9657,-1.7517,2.005
4.7060,-0.5141,-1.1155,-2.1313,2.460
4.7180,-0.9779,-1.1054,-2.5876,2.979
4.7540,-1.1454,-0.8442,-3.1049,3.415
4.7550,-1.3536,-0.6440,-3.6095,3.908
4.7560,-1.4482,-0.5465,-4.1628,4.441
4.7610,-1.1921,-0.5096,-4.3469,4.536
4.7650,-0.5753,-0.3776,-4.1304,4.187
4.7860,-0.2799,-0.3669,-4.3029,4.328
4.7870,-0.1893,-0.4706,-4.8509,4.877
4.7950,-0.1875,-0.5704,-4.8551,4.892
4.8140,-0.1739,-0.6820,-4.5167,4.571
4.8160,-0.2822,-0.7155,-4.1044,4.176
4.8260,-0.4575,-0.7137,-3.5571,3.657
4.8500,-0.5455,-0.6443,-2.9324,3.051
4.8520,-0.7190,-0.6091,-2.2378,2.428
4.8550,-0.8733,-0.5033,-1.7013,1.977
4.8650,-0.8762,-0.4351,-1.3481,1.666
4.8830,-0.8395,-0.5260,-1.0946,1.476
4.8850,-0.7939,-0.7965,-0.7410,1.347
4.8950,-0.7532,-1.1329,-0.2202,1.378
4.9050,-0.6622,-1.3242,0.1299,1.486
4.9150,-0.4771,-1.3318,0.4838,1.495
4.9340,-0.3819,-1.2039,0.8563,1.526
4.9350,-0.4759,-1.1836,1.3239,1.838
4.9490,-0.7816,-1.2162,1.6018,2.158
4.9950,-1.1955,-1.2636,1.8636,2.549
4.9960,-1.6211,-1.3109,2.0449,2.920
4.9970,-1.7683,-1.1574,2.0516,2.945
4.9980,-1.6500,-0.7657,2.0560,2.745
4.9990,-1.6633,-0.3420,2.0826,2.687
5.0040,-2.0548,-0.2177,2.2059,3.022
5.0150,-3.0241,-0.6353,2.1889,3.787
5.0380,-3.9414,-1.1278,2.0658,4.591
5.0400,-4.0642,-1.2422,1.6449,4.557
5.0440,-3.2186,-0.8961,1.2976,3.584
5.0830,-1.9268,-0.4831,0.8537,2.162
5.0850,-0.7857,-0.3728,0.5146,1.010
5.0870,0.1164,-0.4972,0.2495,0.568
5.0880,0.4204,-0.5323,-0.1763,0.701
5.0940,0.8056,-0.6000,-0.5004,1.122
5.1040,1.1191,-0.4401,-0.7362,1.410
5.1150,1.2238,-0.3685,-0.6118,1.417
5.1420,1.2514,-0.3276,-0.5271,1.397
5.1430,1.2319,-0.1924,-0.3885,1.306
5.1450,1.0502,-0.0024,-0.5419,1.182
5.1540,0.7787,0.1385,-0.4126,0.892
5.1630,0.4579,0.2536,-0.4012,0.660
5.2240,0.2113,0.4261,-0.8129,0.942
5.2260,0.0084,0.6073,-1.2390,1.380
5.2270,-0.1159,0.6523,-1.4778,1.620
5.2310,-0.1904,0.5332,-1.7326,1.823
5.2330,-0.2677,0.3871,-1.6940,1.758
5.2340,-0.2118,0.2404,-1.5564,1.589
5.2360,0.0536,0.2780,-1.7428,1.766
5.2440,0.5141,0.4369,-2.0199,2.130
5.2750,0.9241,0.5277,-2.1791,2.425
5.2770,1.1675,0.4928,-2.5295,2.829
5.2790,1.2445,0.4080,-2.9350,3.214
5.3230,1.3088,0.4672,-3.1558,3.448
5.3250,1.2950,0.6235,-3.1647,3.476
5.3260,1.0641,0.7718,-3.1282,3.393
5.3270,0.7810,0.8219,-3.1114,3.312
5.3280,0.5623,0.8731,-3.0584,3.230
5.3360,0.4560,0.9846,-2.9304,3.125
5.3420,0.3093,1.1146,-2.7131,2.949
5.3650,0.1905,1.2044,-2.5408,2.818
5.3660,0.0435,1.2495,-2.5481,2.838
5.3720,0.0678,1.2506,-2.5449,2.836
5.4070,0.1784,1.2649,-2.5900,2.888
5.4080,0.2481,1.2571,-2.6871,2.977
5.4090,0.3062,1.3424,-2.2639,2.650
5.4140,0.5048,1.4223,-1.9779,2.488
5.4230,0.6037,1.5267,-1.7561,2.404
5.4610,0.6359,1.7230,-1.6943,2.499
5.4620,0.6817,1.9742,-1.5041,2.574
5.4630,0.6579,2.1194,-1.0751,2.466
5.4640,0.5119,2.1995,-0.6302,2.345
5.4710,0.5125,2.2345,-0.3612,2.321
5.4860,0.7633,2.1983,-0.0332,2.327
5.4910,1.0741,2.0472,-0.0894,2.314
5.5010,1.4337,1.8374,-0.2094,2.340
5.5110,1.6358,1.5041,-0.2193,2.233
5.5260,1.7450,1.1176,0.5080,2.134
5.5640,1.8707,0.8029,1.3543,2.445
5.5660,2.2003,0.7011,1.4752,2.740
5.5670,2.6023,0.6989,1.2933,2.989
5.5680,2.6638,0.6518,0.8981,2.886
5.5700,2.7192,0.2286,1.4514,3.091
5.5830,2.8819,-0.2617,2.3129,3.705
5.5910,3.4471,-0.1754,2.8999,4.508
5.6010,4.1616,0.3277,3.6920,5.573
5.6110,4.4441,0.3821,4.7249,6.498
5.6260,3.7859,-0.2266,5.7690,6.904
5.6300,2.8388,-0.9808,6.6538,7.300
5.6410,2.1773,-1.5266,7.2935,7.763
5.6650,1.8629,-1.8267,7.4302,7.875
5.6670,1.7596,-1.8872,7.2606,7.705
5.6710,1.5435,-1.9071,6.5931,7.035
5.6810,1.1184,-1.8899,5.6567,6.068
5.6900,0.5938,-1.8956,4.5901,5.002
5.7000,-0.0760,-1.8759,3.5990,4.059
5.7100,-0.6576,-1.7662,2.8147,3.387
5.7260,-1.0616,-1.6171,2.1502,2.892
5.7770,-1.3413,-1.5279,1.7125,2.658
5.7800,-1.4943,-1.5251,1.2172,2.458
5.7810,-1.5180,-1.6004,0.6013,2.286
5.7820,-1.4163,-1.6383,-0.2133,2.176
5.7830,-1.2202,-1.7290,-1.0220,2.350
5.7840,-1.0161,-1.8274,-1.8537,2.794
5.7900,-0.7835,-1.9413,-2.6651,3.389
5.8000,-0.6429,-2.0062,-3.4680,4.058
5.8100,-0.6324,-2.0514,-4.0792,4.610
5.8380,-0.5882,-2.0668,-4.6900,5.159
5.8400,-0.6724,-2.0642,-5.0973,5.540
5.8420,-0.7303,-2.0330,-5.4380,5.851
5.8700,-0.7432,-2.0165,-5.7328,6.122
5.8720,-0.7937,-1.9221,-5.9731,6.325
5.8730,-0.8665,-1.7248,-6.1186,6.416
5.8800,-0.9189,-1.6452,-6.1313,6.414
5.8890,-1.0048,-1.6155,-5.9366,6.234
5.8990,-1.2225,-1.6619,-5.6663,6.030
5.9100,-1.4958,-1.6303,-5.4246,5.858
5.9300,-1.4265,-1.5809,-5.5908,5.983
5.9320,-1.5065,-1.7656,-5.2599,5.749
5.9390,-1.0964,-1.6702,-4.1339,4.591
5.9720,-0.4030,-1.4423,-3.0594,3.406
5.9760,0.1150,-1.2587,-2.0550,2.413
5.9770,0.2336,-1.2764,-1.2567,1.806
5.9790,0.0062,-1.3456,-0.6936,1.514
5.9890,-0.3151,-1.4275,-0.2592,1.485
5.9990,-0.6676,-1.4020,0.0668,1.554
6.0090,-0.8695,-1.3630,0.4387,1.675
6.0290,-0.9706,-1.6108,1.4453,2.372
6.0310,-0.8116,-1.7791,2.0741,2.851
6.0420,-0.4693,-1.6144,2.3344,2.877
6.0740,-0.1854,-1.2609,2.3241,2.651
6.0760,-0.3976,-1.0215,2.1765,2.437
6.0770,-1.0099,-0.9063,1.8683,2.309
6.0830,-2.0901,-0.9538,1.5623,2.778
6.0880,-3.0884,-1.0585,1.3092,3.517
6.0980,-3.3828,-0.9041,0.7592,3.583
6.1080,-2.6748,-0.4103,0.2703,2.720
6.1270,-1.2762,0.0764,0.5898,1.408
6.1280,-0.2779,0.1413,1.2538,1.292
6.1370,0.1154,-0.2695,1.8885,1.911
6.1700,0.3059,-0.6456,2.2653,2.375
6.1710,0.3321,-0.6885,2.2572,2.383
6.1720,0.3223,-0.6305,1.9749,2.098
6.1790,0.2011,-0.5395,1.2251,1.354
6.1870,-0.0946,-0.5159,2.3453,2.403
6.1980,0.0222,-0.4602,3.4283,3.459
6.2070,0.2553,-0.0046,2.9773,2.988
6.2170,0.2687,0.6391,2.3003,2.402
6.2380,0.0878,1.0197,1.9348,2.189
6.2390,-0.1323,0.9900,1.6716,1.947
6.2740,-0.3929,0.7920,1.4020,1.657
6.2760,-0.4430,0.6716,1.0249,1.303
6.2770,-0.2682,0.6452,0.5209,0.872
6.2780,0.0131,0.6488,-0.0077,0.649
6.2860,0.2130,0.5360,-0.5505,0.797
6.2970,0.3375,0.3909,-1.1733,1.282
6.3060,0.4543,0.3513,-1.8951,1.980
6.3170,0.5273,0.4518,-2.4324,2.530
6.3380,0.4810,0.5183,-2.8624,2.948
6.3390,0.3452,0.5029,-3.1071,3.166
6.3800,0.2913,0.5682,-3.3479,3.408
6.3830,0.1097,0.7344,-3.4823,3.561
6.3850,-0.0897,0.8285,-3.4194,3.519
6.3860,-0.2273,1.0078,-3.1829,3.346
6.3880,-0.5166,1.4171,-2.8051,3.185
6.3970,-0.8165,2.0045,-2.5529,3.347
6.4060,-1.0939,2.5631,-2.1987,3.550
6.4160,-1.4596,3.0729,-1.5904,3.755
6.4400,-1.8788,3.3906,-1.1377,4.040
6.4410,-2.2531,3.5173,-0.9508,4.284
6.4460,-2.3486,3.4612,-0.9716,4.294
6.4560,-2.0882,3.2597,-0.9509,3.986
6.4790,-1.7105,2.9124,-0.7997,3.471
6.4800,-1.2313,2.5292,-0.9608,2.973
6.4860,-0.7928,2.1741,-1.3367,2.672
6.4970,-0.3814,1.9253,-1.5904,2.526
6.5050,0.0794,1.6844,-1.5541,2.293
6.5150,0.4071,1.4176,-1.3753,2.017
6.5360,0.5600,1.0833,-1.1464,1.674
6.5370,0.7392,0.8262,-0.9235,1.443
6.5720,1.0285,0.5642,-0.4740,1.265
6.5740,1.3162,0.2822,0.0927,1.349
6.5760,1.4924,-0.0439,0.5783,1.601
6.5770,1.5377,-0.3189,0.7650,1.747
6.5850,1.3564,-0.5085,0.8110,1.660
6.5960,1.0464,-0.6232,0.8486,1.484
6.6050,0.8293,-0.7070,1.0099,1.486
6.6160,1.0081,-0.5910,1.0229,1.553
6.6520,1.0175,-0.6124,1.0384,1.578
6.6530,0.9745,-0.6292,1.2731,1.722
6.6540,0.5438,-0.8519,1.9141,2.165
6.6560,0.1400,-1.1405,2.7123,2.946
6.6880,0.2398,-1.1713,3.2053,3.421
6.6900,0.6675,-0.9258,3.7871,3.955
6.6940,0.8660,-0.9314,4.4816,4.659
6.6950,0.4491,-1.3961,4.9003,5.115
6.7040,-0.1024,-2.0531,5.2991,5.684
6.7220,-0.5499,-2.5591,5.3886,5.991
6.7610,-0.8186,-2.6867,5.1711,5.885
6.7620,-1.1043,-2.6154,4.8343,5.606
6.7640,-1.4884,-2.6301,4.3822,5.323
6.7660,-1.9092,-2.6005,3.4976,4.758
6.7670,-2.2567,-2.4938,2.7088,4.318
6.7740,-2.5590,-2.4387,2.0880,4.106
6.7840,-2.7836,-2.3705,1.4642,3.938
6.7950,-2.8735,-2.3346,0.8453,3.798
6.8040,-2.9418,-2.2176,0.2387,3.692
6.8140,-2.9997,-2.1491,-0.3241,3.704
6.8400,-3.0787,-2.1802,-0.8966,3.878
6.8410,-3.1363,-2.3021,-1.4781,4.162
6.8440,-3.1650,-2.3814,-2.0954,4.481
6.9000,-3.0702,-2.4508,-2.6480,4.738
6.9030,-3.0038,-2.4289,-3.0296,4.909
6.9050,-2.8961,-2.4495,-3.3769,5.079
6.9070,-2.8165,-2.4766,-3.6271,5.217
6.9090,-2.7682,-2.5339,-3.8612,5.385
6.9110,-2.7927,-2.6409,-4.1489,5.656
6.9140,-2.6718,-2.7121,-4.4325,5.843
6.9420,-2.5232,-2.6650,-4.6534,5.926
6.9440,-2.3921,-2.6503,-4.9317,6.088
6.9470,-2.3282,-2.6289,-5.0575,6.157
6.9540,-2.2111,-2.5433,-5.1241,6.133
7.0000,-2.1826,-2.5372,-5.1328,6.127
7.0020,-1.9075,-2.0083,-4.6658,5.426
7.0030,-1.7940,-1.7247,-4.3654,5.025
7.0050,-1.7250,-1.5334,-4.1224,4.724
7.0070,-1.6656,-1.3871,-3.8586,4.426
7.0130,-1.6760,-1.2787,-3.5138,4.098
7.0350,-1.7934,-1.1564,-3.1588,3.812
7.0370,-2.1002,-1.0325,-2.6656,3.547
7.0750,-2.4916,-0.9697,-2.1720,3.445
7.0770,-2.6259,-1.0123,-1.6501,3.262
7.0780,-2.4922,-1.1010,-0.9254,2.877
7.0790,-2.0880,-1.1910,-0.3328,2.427
7.0830,-1.5264,-1.2796,0.1485,1.997
7.0930,-0.8731,-1.2797,0.7332,1.714
7.1020,-0.4135,-1.3017,1.5023,2.030
7.1120,-0.4961,-1.5307,2.0487,2.605
7.1450,-1.0043,-1.9283,2.3816,3.225
7.1460,-1.8554,-2.4551,2.7041,4.097
7.1470,-2.6641,-2.9978,2.9902,5.003
7.1520,-3.0086,-3.3924,3.1590,5.526
7.1650,-2.5261,-3.4822,3.1867,5.354
7.1740,-1.3986,-3.4370,3.1496,4.867
7.1820,-0.1031,-3.5126,3.2263,4.771
7.1920,1.2907,-3.7276,3.6243,5.357
7.2020,2.4131,-3.9157,4.1484,6.194
7.2120,2.9558,-4.0394,4.8944,7.001
7.2340,3.0519,-4.0064,5.2764,7.294
7.2350,3.0208,-3.6700,5.2964,7.117
7.2660,2.7707,-3.2971,5.0514,6.638
7.2670,2.0815,-2.6600,4.3050,5.472
7.2690,1.4658,-2.2536,3.7761,4.635
7.2740,1.0610,-1.7406,3.1474,3.750
7.2810,0.8607,-1.0217,2.3776,2.727
7.2930,0.5906,-0.3790,1.4823,1.640
7.3000,0.3350,0.3136,0.4259,0.626
7.3130,-0.1362,0.6814,-0.2858,0.751
7.3380,-0.6614,0.9114,-0.8936,1.438
7.3390,-1.1548,0.9722,-1.3359,2.016
7.3410,-1.7042,0.9575,-1.6286,2.544
7.3510,-2.1321,0.8987,-1.9313,3.014
7.3780,-2.3982,0.8129,-2.3528,3.457
7.3800,-2.4389,0.7092,-2.8299,3.803
7.3810,-2.3305,0.7006,-3.2141,4.031
7.3920,-2.1749,0.6090,-3.5057,4.170
7.4010,-2.0032,0.4501,-3.7630,4.287
7.4110,-1.8757,0.1982,-3.9740,4.399
7.4440,-1.7117,-0.0993,-4.1862,4.524
7.4460,-1.5020,-0.3479,-4.3595,4.624
7.4510,-1.2092,-0.4934,-4.4726,4.659
7.4530,-0.7739,-0.5192,-4.5213,4.616
7.4810,-0.2170,-0.4948,-4.3245,4.358
7.4830,0.3705,-0.4411,-3.9554,3.997
7.4840,0.9415,-0.4640,-3.5573,3.709
7.4920,1.3089,-0.4598,-3.3164,3.595
7.5000,1.5802,-0.4712,-3.1280,3.536
7.5100,1.8214,-0.5167,-3.0440,3.585
7.5210,1.9916,-0.5264,-2.8749,3.537
7.5410,2.0374,-0.5552,-2.7357,3.456
7.5420,2.0349,-0.5675,-2.5225,3.290
7.5500,2.1718,-0.4983,-2.1971,3.129
7.5710,2.3925,-0.3837,-1.6776,2.947
7.5730,2.5956,-0.2364,-1.0846,2.823
7.5800,2.6286,-0.2196,-0.4284,2.672
7.5910,2.6741,-0.3613,0.0677,2.699
7.6000,2.6653,-0.5258,0.4127,2.748
7.6090,2.7236,-0.5739,0.6042,2.848
7.6340,2.9065,-0.5248,0.7670,3.051
7.6350,3.2228,-0.3730,0.7311,3.326
7.6800,3.5712,-0.1814,0.7010,3.644
7.6820,3.9420,-0.0117,0.7666,4.016
7.6830,4.1912,0.1002,0.9695,4.303
7.6840,4.2792,0.1279,1.1989,4.446
7.6860,4.3036,0.1950,1.3321,4.509
7.6900,4.0795,0.2272,1.4536,4.337
7.6990,3.5188,0.1799,1.3570,3.776
7.7090,2.8084,0.2231,0.9897,2.986
7.7370,2.1451,0.5070,0.4992,2.260
7.7390,1.6203,0.8857,0.0773,1.848
7.7400,1.0878,1.3421,-0.0440,1.728
7.7490,0.5327,1.6692,0.0729,1.754
7.8480,-0.0565,1.8036,0.4790,1.867
7.8510,-0.6538,1.6806,1.1216,2.124
7.8540,-1.1527,1.2692,2.1592,2.757
7.8550,-1.4193,0.6838,3.1666,3.537
7.8570,-1.2494,0.2573,3.8024,4.011
7.8580,-0.7211,0.2453,4.1796,4.248
7.8590,-0.3512,0.3295,4.3223,4.349
7.8610,-0.2984,0.1516,4.5584,4.571
7.8620,-0.5498,-0.2787,4.7776,4.817
7.8630,-0.9845,-0.7348,4.7273,4.884
7.8650,-1.4573,-1.1273,4.5634,4.921
7.8720,-1.9257,-1.2407,3.6348,4.296
7.8780,-2.0834,-1.1942,2.7990,3.688
7.9050,-2.1254,-1.1431,1.9777,3.120
7.9080,-2.2016,-1.1021,1.1859,2.733
7.9090,-2.0719,-1.0163,0.4758,2.356
7.9400,-1.8662,-0.9449,-0.1461,2.097
7.9420,-1.6291,-0.9481,-0.7376,2.024
7.9430,-1.4741,-1.0405,-1.4224,2.298
7.9480,-1.3905,-1.1697,-2.0874,2.768
7.9580,-1.3078,-1.2905,-2.7386,3.298
7.9830,-1.2312,-1.3871,-3.3076,3.792
7.9850,-1.1554,-1.4841,-3.7878,4.229
7.9870,-1.1887,-1.5456,-4.1752,4.608
7.9980,-1.2161,-1.5780,-4.5159,4.936
8.0190,-1.2715,-1.6195,-4.7042,5.135
8.0200,-1.2256,-1.6413,-4.8432,5.259
8.0270,-1.1403,-1.5630,-4.8462,5.218
8.0390,-1.0370,-1.4488,-4.8211,5.140
8.0470,-0.9348,-1.3743,-4.6746,4.961
8.0690,-0.8518,-1.2525,-4.4448,4.696
8.0710,-0.8016,-1.1749,-4.0860,4.327
8.0770,-0.8754,-1.2413,-3.4078,3.731
8.1060,-0.8855,-1.3008,-2.8778,3.280
8.1080,-0.7452,-1.3238,-2.4220,2.859
8.1090,-0.5244,-1.2531,-2.0953,2.497
8.1210,-0.3297,-1.1583,-1.7862,2.154
8.1270,-0.1740,-1.1587,-1.4755,1.884
8.1370,-0.0861,-1.1675,-1.2855,1.739
8.1470,0.0078,-1.1336,-1.2015,1.652
8.1640,0.1593,-1.0261,-1.1262,1.532
8.2020,0.2573,-0.8279,-1.1037,1.404
8.2030,0.2842,-0.6961,-1.0025,1.253
8.2040,0.1790,-0.5991,-0.8133,1.026
8.2050,-0.0369,-0.6166,-0.5823,0.849
8.2060,-0.3306,-0.6579,-0.3400,0.811
8.2170,-0.5135,-0.6160,-0.1236,0.811
8.2260,-0.4968,-0.5974,0.0424,0.778
8.2360,-0.5254,-0.6247,0.2722,0.860
8.2460,-0.5600,-0.6311,0.2978,0.895
8.2620,-0.5352,-0.5031,0.0841,0.739
8.3140,-0.6169,-0.3940,-0.1768,0.753
8.3160,-1.0549,-0.5947,-0.2405,1.235
8.3180,-2.0433,-1.1735,-0.0551,2.357
8.3190,-3.1331,-1.7322,0.4701,3.611
8.3200,-3.5894,-2.1942,1.2455,4.387
8.3220,-3.3713,-2.4022,2.1460,4.663
8.3250,-2.1456,-2.1156,3.2051,4.399
8.3360,0.1641,-1.3916,5.1098,5.298
8.3460,2.2747,-0.6664,7.3562,7.729
8.3630,3.2417,-0.3881,7.6748,8.340
8.3650,2.8674,-0.9266,6.9384,7.564
8.3750,1.7206,-1.8766,5.4665,6.030
8.4440,0.5817,-2.5139,3.7908,4.586
8.4460,-0.2370,-2.5630,2.4184,3.532
8.4470,-0.7060,-2.1737,1.7052,2.852
8.4480,-0.9678,-1.5291,0.8985,2.020
8.4490,-1.2927,-0.8153,0.2006,1.541
8.4500,-1.5492,-0.2198,-0.7366,1.729
8.4510,-1.8198,0.1415,-1.6385,2.453
8.4550,-2.1340,0.1588,-2.1685,3.047
8.4780,-2.4107,0.0540,-2.3179,3.345
8.4790,-2.5029,-0.0679,-2.4765,3.522
8.5270,-2.2907,-0.0984,-2.7091,3.549
8.5290,-1.8474,-0.0328,-2.9357,3.469
8.5300,-1.2032,-0.0559,-3.3231,3.535
8.5320,-0.8405,-0.1427,-3.6849,3.782
8.5330,-0.4860,-0.2485,-3.9287,3.966
8.5350,-0.1782,-0.2638,-4.0850,4.097
8.5450,0.0459,-0.2003,-4.1810,4.186
8.5600,0.1969,-0.1356,-4.2071,4.214
8.5950,0.2978,-0.0887,-4.1597,4.171
8.5960,0.3495,0.0686,-4.0935,4.109
8.5970,0.3291,0.2220,-3.8408,3.861
8.5990,0.3321,0.3845,-3.6846,3.719
8.6050,0.3965,0.4521,-3.4336,3.486
8.6160,0.4495,0.5410,-3.0904,3.169
8.6240,0.4480,0.6352,-2.7960,2.902
8.6340,0.4273,0.6688,-2.3845,2.513
8.6450,0.2980,0.6588,-2.1034,2.224
8.6630,0.0676,0.6055,-1.7966,1.897
8.6650,-0.0377,0.5695,-1.8061,1.894
8.6930,0.0135,0.5816,-1.7704,1.864
8.6950,0.1040,0.5138,-1.6675,1.748
8.6960,0.3919,0.4302,-1.6022,1.705
8.7040,0.7457,0.4095,-1.3954,1.634
8.7150,1.1280,0.4600,-1.1110,1.649
8.7240,1.4703,0.4915,-0.7105,1.705
8.7330,1.7264,0.5829,-0.2220,1.836
8.7440,2.0268,0.6940,0.2694,2.159
8.7620,2.2184,0.7691,0.7273,2.458
8.7630,2.2875,0.7739,1.0738,2.643
8.7730,2.1418,0.7401,1.3026,2.614
8.8030,1.8204,0.6760,1.4893,2.447
8.8040,1.3325,0.4018,2.1075,2.526
8.8050,0.8654,0.1555,2.9923,3.119
8.8150,0.7498,0.2395,4.4085,4.478
8.8230,1.0855,0.6753,6.1014,6.234
8.8330,1.4111,1.0453,7.9799,8.171
8.8430,1.5190,1.0888,9.3585,9.543
8.8590,1.2597,0.7139,9.8356,9.942
8.8650,0.8711,0.1959,9.8257,9.866
8.9540,0.6374,-0.3004,9.5301,9.556
8.9550,0.7030,-0.5826,8.1692,8.220
8.9570,0.9906,-0.6989,6.4456,6.559
8.9580,1.1287,-0.7676,4.9056,5.092
8.9590,0.9669,-0.8810,3.3421,3.589
8.9600,0.5328,-1.0835,2.2624,2.564
8.9630,0.0519,-1.1751,1.3242,1.771
8.9640,-0.4126,-1.1163,0.3975,1.255
8.9650,-0.9964,-1.1024,-0.4267,1.546
8.9660,-1.4503,-1.1635,-0.9846,2.104
8.9730,-1.7602,-1.2335,-1.5059,2.624
8.9970,-1.8613,-1.2727,-1.9782,3.000
8.9980,-1.7366,-1.3109,-2.4512,3.278
9.0020,-1.4881,-1.4066,-2.9702,3.608
9.0450,-1.1970,-1.4846,-3.3768,3.878
9.0460,-0.8295,-1.6167,-3.7639,4.180
9.0470,-0.5786,-1.7998,-4.1933,4.600
9.0490,-0.3397,-1.9955,-4.6882,5.107
9.0520,-0.2001,-2.1575,-5.0917,5.534
9.0650,-0.0573,-2.3631,-5.6546,6.129
9.0720,-0.0441,-2.5211,-5.8156,6.339
9.0960,-0.0431,-2.7696,-6.1187,6.716
9.0970,-0.0482,-2.9621,-6.3971,7.050
9.1020,-0.1307,-3.0927,-6.6021,7.292
9.1390,-0.2091,-3.1302,-6.6603,7.362
9.1400,-0.4136,-3.2468,-6.6144,7.380
9.1420,-0.7335,-3.3947,-6.2629,7.161
9.1440,-1.0050,-3.4743,-5.7392,6.784
9.1520,-1.2059,-3.3476,-5.1252,6.239
9.1620,-1.4662,-3.0480,-4.3807,5.534
9.1820,-1.5852,-2.7868,-3.4650,4.721
9.1840,-1.6543,-2.6200,-2.4127,3.927
9.1910,-1.6439,-2.4928,-1.2800,3.249
9.2180,-1.4146,-2.3596,0.3404,2.772
9.2200,-1.1083,-2.1203,1.3735,2.759
9.2210,-0.8253,-1.8472,2.4143,3.150
9.2310,-0.6129,-1.7426,3.2094,3.703
9.2410,-0.5487,-1.7938,3.5417,4.008
9.2500,-0.5195,-1.7463,3.3683,3.829
9.2610,-0.6534,-1.5158,3.0745,3.490
9.2810,-1.1396,-1.3395,2.9320,3.419
9.2830,-1.8958,-1.4039,2.7095,3.593
9.2910,-2.7133,-1.5469,2.7451,4.158
9.3350,-3.3577,-1.7362,2.7386,4.668
9.3370,-3.4677,-1.7610,2.7421,4.759
9.3380,-2.9044,-1.6142,3.0600,4.517
9.3400,-1.5003,-1.1570,3.1266,3.656
9.3410,0.2366,-0.5907,3.4212,3.480
9.3500,1.7322,-0.2465,4.0202,4.384
9.3760,2.6999,-0.1025,4.5610,5.301
9.3780,3.0298,-0.1471,4.9233,5.783
9.3790,2.6830,-0.2830,4.0141,4.836
9.3900,1.6533,-0.3934,3.3268,3.736
9.4240,0.4978,-0.5503,2.6689,2.770
9.4260,-0.5625,-0.5846,2.0640,2.218
9.4290,-1.4290,-0.5069,1.5825,2.192
9.4300,-2.1012,-0.3326,1.2713,2.478
9.4400,-2.5532,-0.0539,0.9705,2.732
9.4630,-2.8626,0.2366,0.5650,2.927
9.4660,-2.9545,0.4566,0.0043,2.990
9.4690,-2.8869,0.5038,-0.7342,3.021
9.5160,-2.6953,0.4130,-1.4841,3.104
9.5170,-2.4468,0.2375,-2.1370,3.257
9.5180,-2.2222,0.0186,-2.7948,3.571
9.5190,-1.8858,-0.1538,-3.4084,3.898
9.5200,-1.4884,-0.3042,-3.7591,4.054
9.5300,-1.0621,-0.4440,-4.0375,4.198
9.5390,-0.8146,-0.5874,-4.2161,4.334
9.5490,-0.6567,-0.7402,-4.4658,4.574
9.5590,-0.5670,-0.8764,-4.6526,4.768
9.5780,-0.6142,-0.9460,-4.7055,4.839
9.5810,-0.6621,-0.8620,-4.7716,4.894
9.5890,-0.6802,-0.7176,-4.7830,4.884
9.6500,-0.7589,-0.5266,-4.6290,4.720
9.6520,-0.8382,-0.2961,-4.4964,4.583
9.6540,-0.8920,-0.0438,-4.4250,4.514
9.6550,-0.9000,0.1727,-4.3265,4.422
9.6570,-0.8299,0.3837,-4.0956,4.196
9.6590,-0.6971,0.6278,-3.8449,3.958
9.6600,-0.4971,0.9190,-3.5288,3.680
9.6690,-0.2635,1.1486,-3.1585,3.371
9.6950,-0.0821,1.3306,-2.7615,3.067
9.6960,0.0721,1.5524,-2.3315,2.802
9.6980,0.2608,1.7980,-1.7581,2.528
9.7080,0.4450,1.9815,-1.4109,2.473
9.7620,0.5577,2.0730,-1.1159,2.419
9.7650,0.6505,2.0659,-0.7694,2.298
9.7670,0.9237,2.1019,-0.3230,2.318
9.7690,1.4447,2.1423,0.0447,2.584
9.7710,2.3058,2.1574,0.5005,3.197
9.7730,2.7885,2.1373,0.7070,3.584
9.7820,3.1318,2.0813,0.9115,3.869
9.7890,3.2667,1.9711,1.4067,4.066
9.8190,3.2364,1.8882,1.7477,4.135
9.8200,3.0330,1.9202,1.9765,4.098
9.8220,2.4902,1.8831,2.1055,3.766
9.8670,2.0636,1.8998,2.2770,3.613
9.8690,1.5395,1.7466,3.0746,3.857
9.8700,0.9169,1.2195,4.3468,4.607
9.8710,0.7949,0.7219,5.4253,5.531
9.8730,1.5913,0.6772,6.0831,6.324
9.8790,2.7645,0.8149,6.9478,7.522
9.8880,3.4668,0.4407,7.5990,8.364
9.9120,3.2744,-0.4017,7.7162,8.392
9.9130,2.8112,-1.3447,7.3249,7.960
9.9170,2.4345,-2.0341,6.2632,7.021
9.9880,2.2636,-2.3575,4.9294,5.914
9.9910,2.1359,-2.4309,3.7658,4.965
9.9930,1.8019,-2.4298,2.8748,4.173
9.9940,1.2020,-2.4375,2.1307,3.453
9.9950,0.4776,-2.3380,1.4697,2.803
9.9970,-0.2715,-2.2116,0.8492,2.385
9.9980,-0.7802,-2.0440,0.2481,2.202
9.9990,-1.2493,-1.8879,-0.2839,2.282
10.0290,-1.4903,-1.6794,-0.6814,2.346
10.0300,-1.6057,-1.5793,-0.9374,2.440
10.0310,-1.5717,-1.5370,-1.2559,2.532
10.0370,-1.4057,-1.5160,-1.7451,2.705
10.0720,-1.1471,-1.4773,-2.2375,2.916
10.0750,-0.8375,-1.4262,-2.6694,3.140
10.0760,-0.6471,-1.4952,-3.2208,3.609
10.0770,-0.5990,-1.6962,-3.7654,4.173
10.0860,-0.5938,-1.8585,-4.3164,4.737
10.1170,-0.6530,-1.9087,-4.8508,5.254
10.1170,-0.6704,-1.9171,-5.2283,5.609
10.1190,-0.6786,-1.9280,-5.3142,5.694
10.1550,-0.8247,-2.0329,-5.1886,5.633
10.1570,-0.9163,-2.2092,-4.9769,5.522
10.1580,-1.0239,-2.3405,-4.7136,5.361
10.1600,-1.2320,-2.4204,-4.5079,5.263
10.1660,-1.5123,-2.5395,-4.2102,5.144
10.1770,-1.8164,-2.6704,-3.8524,5.027
10.1860,-2.2593,-2.8512,-3.2821,4.900
10.2090,-2.4174,-2.7318,-3.7536,5.234
10.2100,-2.6421,-2.6414,-3.3672,5.029
10.2220,-2.7061,-2.7170,-2.6257,4.648
10.2510,-2.6295,-2.7547,-1.8840,4.249
10.2530,-2.2588,-2.4981,-1.4181,3.654
10.2550,-1.7279,-2.1358,-1.2082,3.001
10.2570,-1.3023,-1.8653,-1.0971,2.526
10.2650,-1.1326,-1.7228,-1.1224,2.347
10.2970,-1.2467,-1.6542,-1.1674,2.378
10.2980,-1.4935,-1.5546,-0.9335,2.349
10.3000,-1.6777,-1.3523,-0.6668,2.256
10.3050,-1.7152,-1.1613,-0.5017,2.131
10.3430,-1.3437,-0.9548,-0.2732,1.671
10.3450,-0.7441,-0.6631,0.2402,1.025
10.3470,-0.2306,-0.3971,0.9626,1.067
10.3480,-0.1614,-0.3969,1.5339,1.593
10.3550,-0.7448,-0.7441,2.1852,2.426
10.3650,-1.8546,-1.7676,1.0291,2.761
10.3920,-1.1732,-1.9238,2.7230,3.534
10.3930,-0.5337,-1.6582,3.2715,3.706
10.3940,2.8082,0.0844,4.2287,5.077
10.4050,4.1142,0.5509,5.7870,7.122
10.4590,4.2705,0.0407,7.1041,8.289
10.4610,4.1489,-0.5572,7.4348,8.532
10.4630,4.0020,-0.7284,6.6473,7.793
10.4640,3.5485,-0.6127,5.0357,6.191
10.4650,2.7300,-0.3165,3.2521,4.258
10.4660,2.3861,0.6274,2.2098,3.312
10.4740,1.7538,1.1191,1.7494,2.718
10.4840,1.2614,1.4517,1.5033,2.441
10.5080,0.7964,1.8531,0.8506,2.189
10.5090,0.4620,2.0495,0.7965,2.247
10.5220,0.4780,1.9305,0.5435,2.062
10.5270,0.6709,1.7688,0.3686,1.927
10.5680,0.7919,1.5017,0.0395,1.698
10.5710,1.0209,1.2142,-0.4597,1.652
10.5720,1.2341,0.9462,-0.9790,1.838
10.5730,1.1776,0.5937,-1.5644,2.046
10.5750,0.8417,0.0690,-2.2607,2.413
10.5840,0.6113,-0.4074,-3.2935,3.374
10.6160,0.5136,-0.6882,-4.0198,4.111
10.6280,0.7134,-0.7799,-4.3483,4.475
10.6290,1.0140,-0.8631,-4.3366,4.536
10.6310,1.3439,-0.8622,-4.1624,4.458
10.6440,1.4686,-0.7951,-3.9761,4.313
10.6460,1.4466,-0.6360,-3.7343,4.055
10.6810,1.2716,-0.4499,-3.7217,3.959
10.6830,0.8143,-0.4371,-3.5415,3.660
10.6840,0.6152,-0.3649,-3.6423,3.712
10.6850,0.4855,-0.2160,-3.1785,3.223
10.7080,0.5868,0.1240,-2.6847,2.751
10.7090,0.4166,0.2635,-2.3120,2.364
10.7130,0.2718,0.4696,-1.8503,1.928
10.7460,0.2485,0.7826,-1.8914,2.062
10.7470,1.2262,1.6287,-3.0931,3.705
10.7480,-0.4624,0.4025,-1.8722,1.970
10.7520,1.0629,0.7234,-3.7429,3.958
10.8010,-0.3200,-0.2982,-2.1212,2.166
10.8030,-0.1408,-0.4037,-2.4465,2.484
10.8040,0.0449,0.1149,-1.4866,1.492
10.8070,0.1720,0.4485,-0.3957,0.622
10.8080,0.3345,0.3619,1.2538,1.347
10.8130,0.5762,0.3162,2.4983,2.583
10.8230,0.6018,0.2979,2.7478,2.829
10.8320,0.4700,-0.0033,2.3391,2.386
10.8530,0.5229,-0.0724,1.3942,1.491
10.8540,0.4063,-0.2508,0.5986,0.766
10.8620,-0.1322,-1.0529,0.2878,1.100
10.8850,0.8360,0.3673,-1.1457,1.465
10.8860,0.9894,0.6253,-0.3369,1.218
10.8920,0.1356,-0.3071,0.8403,0.905
10.9010,-0.1769,-0.6312,1.6324,1.759
10.9150,-0.0396,-0.4128,2.5805,2.614
10.9740,-0.2255,-0.3926,2.5577,2.597
10.9750,0.1398,-0.2619,2.1029,2.124
10.9760,0.5590,-0.4531,2.1132,2.232
10.9770,0.5917,-0.9743,2.1487,2.432
10.9780,0.7733,-1.2651,2.0912,2.564
10.9790,0.5340,-1.3195,2.3744,2.768
10.9820,0.7553,-1.3339,2.6151,3.031
10.9910,0.9525,-1.3542,2.5196,3.015
11.0010,1.0506,-1.2567,1.9613,2.555
11.0170,0.9108,-1.1637,1.1907,1.898
11.0950,0.5067,-1.0745,0.3195,1.230
11.0960,-0.3319,-1.0095,-1.6409,1.955
11.0970,-0.7085,-0.9468,-2.5310,2.794
11.0980,-1.0630,-0.7989,-3.4523,3.700
11.0990,-1.0366,-0.7979,-3.9955,4.204
11.1000,-0.6946,-0.7686,-3.8327,3.970
11.1010,-0.2428,-0.6471,-3.2588,3.331
11.1020,0.3639,-0.5218,-2.5414,2.620
11.1030,0.9585,-0.4390,-1.9675,2.232
11.1110,1.4087,-0.4699,-1.5606,2.154
11.1430,1.6313,-0.5420,-1.4493,2.248
11.1440,1.7311,-0.5496,-1.8315,2.579
11.1450,1.5862,-0.6214,-2.3860,2.932
11.1510,1.1710,-0.8073,-2.8519,3.187
11.1850,0.6485,-0.8739,-3.2788,3.455
11.1880,0.3858,-0.5991,-3.6489,3.718
11.1900,0.3125,-0.2678,-3.6593,3.682
11.1910,0.3079,-0.1371,-3.5050,3.521
11.2010,0.3168,-0.0747,-3.2647,3.281
11.2100,0.3587,0.0360,-2.8363,2.859
11.2320,0.3687,0.1474,-2.4445,2.477
11.2330,0.3513,0.1280,-2.0105,2.045
11.2950,0.1753,0.1539,-1.6359,1.652
11.2970,-0.0227,0.1917,-1.3387,1.353
11.2990,-0.0956,0.2154,-0.9341,0.963
11.3000,-0.0673,0.2372,-0.3922,0.463
11.3010,-0.0120,0.2873,0.4247,0.513
11.3020,-0.0012,0.2830,1.2908,1.321
11.3030,0.0384,0.2002,1.7665,1.778
11.3110,0.0588,0.0794,1.8977,1.900
11.3320,-0.2399,-0.0995,1.8068,1.825
11.3330,-0.6521,-0.3002,1.4089,1.581
11.3740,-0.9529,-0.3576,0.7591,1.270
11.3750,-1.0430,-0.2740,-0.0900,1.082
11.3760,-1.0919,-0.2145,-0.3939,1.180
11.3780,-1.1762,-0.2888,-0.2545,1.238
11.3790,-1.1827,-0.4995,0.1086,1.288
11.3890,-0.9919,-0.5553,0.7660,1.371
11.3990,-0.4101,-0.3569,1.7493,1.832
11.4310,-0.0021,-0.2206,3.7151,3.722
11.4320,-0.0414,-0.5759,6.0331,6.061
11.4340,-0.0675,-0.9827,7.4072,7.472
11.4490,-0.3197,-1.2216,7.5520,7.657
11.4510,-0.2201,-1.3401,6.8261,6.960
11.4590,0.3300,-1.1990,5.6454,5.781
11.4690,0.5175,-0.7783,3.8168,3.930
11.4780,0.2524,0.0692,1.9206,1.938
11.4880,0.9759,0.9589,-0.4586,1.443
11.4980,0.3319,1.1767,-1.6051,2.018
11.5110,-0.2601,0.5787,-2.8380,2.908
11.5580,-0.8255,-0.3553,-3.7586,3.865
11.5590,-1.2288,-0.5646,-4.0401,4.260
11.5600,-1.6508,-0.2650,-4.1417,4.466
11.5610,-2.1070,-0.0511,-4.2556,4.749
11.5620,-2.5269,-0.1541,-4.0266,4.756
11.5710,-2.7825,-0.4493,-3.7410,4.684
11.5770,-2.6994,-0.8052,-3.5395,4.524
11.5880,-2.1800,-1.0316,-3.3215,4.105
11.5970,-1.5674,-1.0136,-2.9659,3.504
11.6120,-0.9070,-0.9507,-2.9285,3.210
11.6450,-0.2379,-0.8805,-3.1250,3.255
11.6470,-0.1284,-0.8300,-3.2605,3.367
11.6500,-0.6999,-0.8027,-3.4488,3.609
11.6520,-1.3307,-0.5595,-3.4127,3.705
11.6580,-1.7802,-0.2083,-2.9911,3.487
11.6680,-2.1761,0.1721,-2.3501,3.207
11.6800,-2.0030,0.1979,-2.2141,2.992
11.6900,-1.4600,0.2222,-2.2621,2.702
11.6970,-0.9583,0.2391,-2.6121,2.793
11.7120,-0.6251,0.3268,-3.0999,3.179
11.7170,-0.5058,0.8116,-3.1956,3.336
11.7270,-0.5643,1.1110,-2.8352,3.097
11.7460,-0.8131,1.1460,-2.1696,2.585
11.7470,-1.1007,1.1090,-1.4347,2.121
11.7570,-1.1453,1.1604,-0.7052,1.776
11.7680,-0.8574,1.3155,-0.2272,1.587
11.7760,-0.3220,1.4779,0.0739,1.514
11.7870,0.3078,1.5803,0.1916,1.621
11.7960,0.8422,1.6557,0.4762,1.918
11.8120,1.2995,1.5894,1.2197,2.388
11.8180,1.5220,1.3120,2.0670,2.883
11.8270,1.7405,0.9825,2.9049,3.526
11.8470,1.8830,0.5029,3.3832,3.904
11.8510,1.8491,-0.0013,3.3111,3.792
11.8570,1.8145,-0.4791,2.8588,3.420
11.8670,1.9609,-0.8101,2.4769,3.261
11.8760,2.5097,-0.7713,2.5594,3.667
11.8860,3.2522,-0.7466,3.1134,4.564
11.8960,3.2523,-1.1601,4.0101,5.292
11.9240,2.6116,-1.9459,5.0107,5.976
11.9260,2.1475,-2.3211,5.7909,6.598
11.9270,1.9383,-2.3367,6.1250,6.836
11.9490,1.8830,-2.2294,5.8180,6.509
11.9500,1.7852,-2.0797,4.7820,5.512
11.9560,1.6925,-1.8107,3.3657,4.180
11.9670,1.2893,-1.3618,1.8067,2.604
11.9760,0.7328,-0.9139,0.3345,1.218
11.9860,0.2099,-0.5917,-0.8893,1.089
11.9960,-0.3146,-0.3054,-1.9546,2.003
12.0100,-0.7496,0.0068,-2.5961,2.702
12.0160,-1.0496,0.1680,-2.7423,2.941
12.0500,-1.2564,0.0774,-2.5158,2.813
12.0510,-1.3494,-0.1293,-2.0415,2.451
12.0530,-1.6178,-0.2535,-1.4459,2.185
12.0550,-1.8051,-0.3124,-1.1396,2.157
12.0670,-1.5055,-0.3693,-1.1368,1.922
12.0750,-0.9236,-0.3221,-1.3520,1.669
12.0850,-0.4635,-0.2833,-1.8640,1.942
12.0950,-0.1085,-0.1992,-2.1068,2.119
12.1150,0.0743,-0.1656,-2.2362,2.244
12.1160,0.0186,-0.2523,-2.4097,2.423
12.1260,-0.0754,-0.1632,-2.4951,2.502
12.1540,-0.2178,0.0344,-2.5231,2.533
12.1550,-0.4894,0.2011,-2.4373,2.494
12.1570,-0.5511,0.3900,-2.2509,2.350
12.1660,-0.2913,0.5235,-1.8711,1.965
12.1750,-0.0084,0.3508,-1.5501,1.589
12.1850,0.0788,0.1044,-1.5230,1.529
12.1950,0.1701,0.0029,-1.5981,1.607
12.2210,0.0856,-0.1487,-1.7014,1.710
12.2220,-0.2257,-0.3035,-1.9174,1.954
12.2550,-0.3740,-0.2605,-2.1223,2.171
12.2560,-0.3418,-0.2125,-2.2610,2.297
12.2570,-0.3995,-0.2764,-2.4215,2.470
12.2580,-0.4256,-0.2888,-2.5477,2.599
12.2670,-0.2676,-0.0952,-2.3977,2.414
12.2740,-0.0621,0.1080,-1.8364,1.841
12.2840,0.4720,0.0096,-0.4743,0.669
12.2940,0.6688,-0.0834,-0.0408,0.675
12.3150,0.8048,-0.1856,0.7499,1.116
12.3160,0.6212,-0.1121,0.8505,1.059
12.3240,0.2296,-0.1142,0.9069,0.942
12.3510,-0.3601,-0.1020,1.0031,1.071
12.3520,-0.6858,-0.0419,0.9589,1.180
12.3540,-0.5691,0.1215,0.6411,0.866
12.3670,-0.3356,0.2146,0.3627,0.539
12.3740,-0.1874,0.1007,0.2271,0.311
12.3840,-0.1012,-0.2287,0.2752,0.372
12.3950,0.1899,-0.3911,0.4970,0.660
12.4260,0.4117,-0.4252,0.9836,1.148
12.4290,0.2760,-0.4271,1.7247,1.798
12.4330,0.0654,-0.3989,2.7683,2.798
12.4350,0.1231,-0.2171,3.1736,3.183
12.5000,0.5415,0.0426,3.8306,3.869
12.5030,0.8423,0.2512,4.1525,4.244
12.5040,0.9939,0.2401,4.2474,4.369
12.5060,1.0576,0.0784,4.2063,4.338
12.5070,0.9879,-0.1025,3.9099,4.034
12.5090,0.7797,-0.4770,3.0763,3.209
12.5100,0.4441,-0.5785,1.7825,1.926
12.5140,0.2425,-0.5036,0.4470,0.716
12.5230,0.0261,-0.4757,-0.3949,0.619
12.5450,-0.2718,-0.5217,-0.9481,1.116
12.5460,-0.6689,-0.6372,-1.2716,1.572
12.5540,-0.8582,-0.7716,-1.3967,1.812
12.6050,-1.1695,-0.8438,-1.0327,1.774
12.6060,-1.8505,-0.9057,-0.4755,2.114
12.6070,-2.2510,-0.7800,-0.1474,2.387
12.6080,-2.0001,-0.7799,-0.1090,2.149
12.6090,-1.1752,-0.6363,-0.5050,1.429
12.6130,-0.2692,-0.5556,-0.8435,1.045
12.6220,0.4919,-0.6445,-1.2268,1.471
12.6390,1.1530,-0.6962,-1.4550,1.983
12.6440,1.6574,-0.6402,-1.9257,2.620
12.7240,1.5842,-0.6115,-2.2366,2.808
12.7250,0.9934,-0.6451,-2.3328,2.616
12.7260,0.0956,-0.8321,-2.5517,2.686
12.7270,-0.4359,-1.0403,-2.6402,2.871
12.7280,-0.6196,-1.1107,-2.7871,3.064
12.7290,-0.4329,-1.0128,-3.1657,3.352
12.7300,-0.0293,-0.8774,-3.5774,3.684
12.7320,0.6209,-0.6058,-3.7530,3.852
12.7330,1.2601,-0.2742,-3.7444,3.960
12.7420,1.6045,-0.0213,-3.4505,3.805
12.7560,1.8455,0.0354,-2.8657,3.409
12.8050,2.1808,0.0320,-2.1329,3.051
12.8070,2.1071,-0.0110,-1.7581,2.744
12.8070,1.5301,-0.0130,-1.6466,2.248
12.8080,0.8735,-0.0366,-1.6152,1.837
12.8090,0.4788,-0.0723,-1.5237,1.599
12.8110,0.3756,-0.0806,-1.4411,1.491
12.8210,0.5043,0.0379,-1.2053,1.307
12.8470,0.6782,0.1742,-0.8633,1.112
12.8480,0.9955,0.3036,-0.5752,1.189
12.8520,1.1733,0.3504,-0.3432,1.272
12.9010,0.8289,0.4247,0.1032,0.937
12.9040,0.0681,0.5213,0.3958,0.658
12.9060,-0.5592,0.4995,0.5523,0.931
12.9080,-1.0521,-0.1239,0.2979,1.100
12.9120,-1.1518,-0.2347,0.0991,1.180
12.9150,-0.7607,-0.0650,-0.2645,0.808
12.9240,-0.2115,0.1074,0.9150,0.945
12.9440,-0.1941,0.0514,2.3600,2.368
12.9450,-0.2091,-0.0489,3.4119,3.419
12.9510,-0.3212,-0.0465,3.7473,3.761
13.0240,-0.4068,-0.1134,3.0370,3.066
13.0250,-0.4497,-0.3168,1.7696,1.853
13.0270,-0.5974,-0.6909,0.7295,1.169
13.0290,-0.7299,-1.1857,-0.4453,1.462
13.0300,-0.4490,-1.3941,-1.3178,1.970
13.0320,0.0240,-1.1775,-1.4486,1.867
13.0330,0.4436,-0.8427,-0.8195,1.256
13.0350,0.7709,-0.5040,0.0604,0.923
13.0410,0.7734,-0.3780,0.2664,0.901
13.0740,-0.7355,-0.6012,3.0319,3.177
13.0750,0.2774,0.0505,3.0920,3.105
13.0770,1.4581,0.2363,1.1923,1.898
13.1310,1.5078,0.2789,-0.2827,1.559
13.1330,0.6728,0.0055,-0.7529,1.010
13.1340,-0.2093,-0.5866,-1.1461,1.304
13.1350,-0.6482,-1.0039,-1.7905,2.153
13.1370,-0.7264,-1.2774,-2.1164,2.577
13.1380,-0.5304,-1.1890,-2.3969,2.728
13.1400,-0.0536,-0.6886,-2.3618,2.461
13.1500,0.7684,-0.1291,-2.2208,2.354
13.1600,-0.1014,-0.8622,-3.2172,3.332
13.1820,1.5790,0.0338,-3.0362,3.422
13.1840,1.7484,0.1800,-2.6660,3.193
13.1900,0.7706,-0.1725,-2.1692,2.308
13.2570,0.6764,-0.0880,-1.6534,1.789
13.2610,0.7813,0.0522,-1.5681,1.753
13.2630,0.6403,0.1087,-1.6167,1.742
13.2640,0.3247,-0.0502,-2.0030,2.030
13.2660,-0.0560,-0.3064,-2.3519,2.372
13.2680,-0.2524,-0.5322,-2.7384,2.801
13.2690,-0.0621,-0.4662,-2.6457,2.687
13.2750,0.1727,-0.3163,-2.3490,2.377
13.3000,0.7015,-0.0167,-2.2636,2.370
13.3010,1.2335,0.4473,-1.9574,2.356
13.3020,1.0333,0.5627,-1.3721,1.807
13.3830,0.8671,0.4020,-0.9733,1.364
13.3850,0.4839,0.2377,-0.7656,0.936
13.3860,0.3589,0.2884,-0.8987,1.010
13.3870,0.4328,0.3656,-0.9702,1.124
13.3890,0.2960,0.3046,-1.2681,1.337
13.3900,0.0548,0.2267,-1.4678,1.486
13.3920,-0.0105,0.1071,-1.3315,1.336
13.3930,-0.1512,-0.0602,-0.7124,0.731
13.3950,-0.2174,-0.0819,0.0086,0.232
13.4160,-0.2386,0.0366,0.5255,0.578
13.4170,-0.3516,0.1646,0.7983,0.888
13.4180,-0.3684,0.3345,0.9888,1.107
13.5300,-0.1797,0.5379,1.1282,1.263
13.5330,-0.0604,0.6333,1.6193,1.740
13.5360,0.0337,0.5963,1.8157,1.911
13.5390,-0.0174,0.4746,1.3210,1.404
13.5430,-0.1708,0.3302,0.8068,0.888
13.5460,-0.2983,0.1122,0.5213,0.611
13.5490,-0.3892,-0.2460,0.2873,0.543
13.5510,-0.5915,-0.3481,0.1998,0.715
13.5530,-0.8773,-0.3033,-0.1850,0.947
13.5560,-0.6045,-0.0551,-0.0906,0.614
13.5600,-0.8435,-0.2848,0.4189,0.984
13.5620,-1.1321,-0.7961,1.2387,1.857
13.5640,-1.1698,-0.9399,1.2225,1.936
13.5650,-1.0177,-0.9698,0.9759,1.711
13.5670,-0.7145,-0.8826,0.8951,1.446
13.5950,-0.5391,-0.7878,0.8067,1.250
13.5980,-0.5788,-0.7602,0.5602,1.108
13.5990,-0.7184,-0.7226,0.2071,1.040
13.6120,-0.7379,-0.5955,-0.3347,1.006
13.6890,-0.5685,-0.3771,-1.0522,1.254
13.6900,-0.6383,-0.2703,-1.5788,1.724
13.6910,-0.7074,-0.2702,-1.9401,2.083
13.6920,-0.6086,-0.3201,-1.9527,2.070
13.6940,-0.4459,-0.2813,-1.7372,1.815
13.6950,-0.2840,-0.1701,-1.3499,1.390
13.6990,-0.1205,0.0269,-1.0173,1.025
13.7000,-0.1857,0.2409,-0.8487,0.902
13.7630,-0.3256,0.3811,-1.0332,1.148
13.7640,-0.3476,0.4743,-1.6430,1.745
13.7660,-0.2247,0.5891,-2.2159,2.304
13.7670,-0.2077,0.5551,-2.3556,2.429
13.7680,-0.2512,0.4325,-2.5151,2.564
13.7690,-0.1337,0.3013,-2.6248,2.645
13.7700,0.1000,0.2662,-2.7060,2.721
13.7720,0.2711,0.2354,-2.4906,2.516
13.7760,0.4193,0.1631,-2.0247,2.074
13.7990,0.6623,0.0536,-1.8578,1.973
13.8000,0.6638,-0.0007,-1.9879,2.096
13.8070,0.3380,0.0388,-2.0181,2.047
13.8300,-0.0861,0.1410,-1.9456,1.953
13.8320,-0.6470,0.3171,-2.7068,2.801
13.8400,-1.5526,-0.2383,-2.0349,2.571
13.8850,-1.4922,0.2765,-1.3853,2.055
13.8860,-0.4335,0.9394,-1.1356,1.536
13.8870,0.4277,1.5184,-0.6323,1.699
13.8880,0.3842,1.6494,0.0328,1.694
13.8890,0.1275,1.4078,0.6843,1.570
13.9360,-0.2269,1.0090,0.6887,1.243
13.9370,-0.2817,0.8008,0.1638,0.865
13.9380,-1.3389,0.4253,-0.4682,1.481
13.9390,-1.8839,0.1121,-0.4841,1.948
13.9410,-1.8302,-0.0219,0.0117,1.830
13.9460,-1.0715,0.3250,0.3233,1.165
